router__zone__s4,1,327
router__zone__s2,1,333
router__zone__s1,1,347
router__zone__s3,1,388
router__all3__s2,0,332
router__all3__s1,1,367
router__all3__s7,1,370
router__all3__s4,1,373
router__all3__s3,1,389
router__all3__s5,1,409
router__all3__s8,1,442
router__all3__s6,1,581
router__all3__s14,0,328
router__all3__s12,1,375
router__all3__s10,1,382
router__all3__s11,1,396
router__all3__s9,1,457
router__all3__s15,1,356
router__all3__s16,1,472
router__all3__s19,1,396
router__all3__s18,1,406
router__all3__s17,1,435
router__all3__s21,1,406
router__all3__s20,1,432
router__all3__s23,1,413
router__all3__s24,1,397
router__all3__s28,1,413
router__all3__s26,0,450
router__all3__s27,1,485
router__all3__s29,1,446
router__all3__s30,0,374
router__zone__s5,0,367
router__zone__s6,1,408
router__zone__s7,1,372
router__zone__s9,1,468
router__zone__s10,1,425
router__zone__s11,1,384
router__zone__s8,1,505
router__zone__s12,1,406
router__zone__s14,0,342
router__zone__s13,1,375
router__zone__s16,0,399
router__zone__s15,1,406
router__zone__s17,1,494
router__zone__s19,1,367
router__zone__s18,1,384
router__all3__s13,1,2841
router__zone__s21,1,421
router__zone__s20,1,467
router__zone__s22,1,387
router__zone__s23,1,352
router__zone__s26,0,328
router__zone__s24,1,508
router__zone__s28,1,356
router__zone__s27,1,464
router__zone__s25,1,549
router__zone__s29,1,397
router__zone__s30,0,391
router__all3__s22,124,3600
router__all3__s25,124,3600
