router__all3__s1,1,464
router__all3__s4,1,482
router__all3__s8,1,498
router__all3__s2,1,501
router__all3__s6,1,502
router__all3__s5,1,519
router__all3__s7,1,541
router__all3__s11,1,347
router__all3__s10,1,364
router__all3__s9,0,485
router__all3__s12,0,477
router__all3__s13,1,503
router__all3__s15,1,588
router__all3__s14,0,715
router__all3__s17,1,527
router__all3__s18,1,503
router__all3__s19,1,479
router__all3__s20,1,488
router__all3__s22,1,356
router__all3__s21,1,555
router__all3__s23,1,555
router__all3__s24,1,476
router__all3__s25,1,590
router__all3__s26,1,602
router__all3__s28,1,530
router__all3__s27,0,698
router__all3__s30,1,507
router__all3__s29,1,571
router__zone__s1,1,548
router__zone__s3,1,403
router__zone__s2,1,552
router__zone__s4,0,426
router__zone__s5,1,408
router__zone__s6,1,456
router__zone__s7,1,441
router__zone__s8,1,596
router__zone__s9,0,571
router__zone__s12,0,344
router__zone__s11,1,478
router__zone__s10,1,625
router__zone__s13,1,398
router__zone__s14,0,342
router__all3__s3,124,3600
router__all3__s16,1,2884
router__zone__s16,1,534
router__zone__s17,1,535
router__zone__s18,1,530
router__zone__s19,1,491
router__zone__s21,1,479
router__zone__s20,1,521
router__zone__s22,1,423
router__zone__s24,1,394
router__zone__s25,1,446
router__zone__s26,1,421
router__zone__s23,1,521
router__zone__s28,1,393
router__zone__s27,0,423
router__zone__s30,1,405
router__zone__s15,124,3600
router__zone__s29,1,3510
