router__all3__s6,0,312
router__all3__s5,0,315
router__all3__s7,0,336
router__all3__s4,0,336
router__all3__s1,0,346
router__all3__s3,0,353
router__all3__s8,0,372
router__all3__s2,0,397
router__all3__s9,0,261
router__all3__s14,0,254
router__all3__s10,0,316
router__all3__s13,0,323
router__all3__s12,0,358
router__all3__s15,0,342
router__all3__s11,1,378
router__all3__s16,0,361
router__all3__s17,0,330
router__all3__s19,0,318
router__all3__s18,0,386
router__all3__s20,0,340
router__all3__s21,0,342
router__all3__s23,0,359
router__all3__s22,0,366
router__all3__s24,1,442
router__all3__s25,0,417
router__all3__s28,0,312
router__all3__s26,0,396
router__zone__s1,0,283
router__all3__s30,0,298
router__all3__s29,0,382
router__all3__s27,0,453
router__zone__s2,0,310
router__zone__s4,0,301
router__zone__s7,0,268
router__zone__s3,0,336
router__zone__s6,0,303
router__zone__s5,0,327
router__zone__s8,0,309
router__zone__s10,0,270
router__zone__s9,0,385
router__zone__s12,0,222
router__zone__s13,0,275
router__zone__s11,1,343
router__zone__s15,0,297
router__zone__s14,0,333
router__zone__s16,0,350
router__zone__s17,0,309
router__zone__s18,0,302
router__zone__s19,0,292
router__zone__s20,0,287
router__zone__s22,0,295
router__zone__s23,0,280
router__zone__s21,0,316
router__zone__s24,0,282
router__zone__s25,0,322
router__zone__s26,0,287
router__zone__s28,0,294
router__zone__s27,0,364
router__zone__s30,0,273
router__zone__s29,0,294
