router__zone__s2,0,224
router__zone__s4,0,239
router__zone__s3,0,253
router__zone__s1,0,260
router__zone__s8,0,257
router__zone__s6,0,260
router__zone__s5,0,263
router__zone__s12,0,267
router__zone__s7,0,274
router__zone__s9,0,275
router__zone__s11,0,304
router__zone__s10,0,306
router__zone__s16,0,241
router__zone__s17,0,241
router__zone__s13,0,269
router__zone__s15,0,265
router__zone__s18,0,264
router__zone__s14,0,322
router__zone__s20,0,277
router__zone__s19,0,286
router__zone__s21,0,270
router__zone__s22,0,281
router__zone__s23,0,287
router__zone__s24,0,290
router__zone__s25,0,289
router__zone__s28,0,253
router__zone__s26,0,285
router__zone__s27,0,314
router__zone__s29,0,238
router__zone__s30,0,357
router__all3__s4,0,255
router__all3__s8,0,264
router__all3__s7,0,269
router__all3__s2,0,273
router__all3__s6,0,273
router__all3__s5,0,283
router__all3__s3,0,289
router__all3__s1,0,325
router__all3__s13,0,267
router__all3__s11,0,284
router__all3__s12,0,298
router__all3__s15,0,289
router__all3__s14,0,296
router__all3__s9,0,342
router__all3__s16,0,279
router__all3__s10,1,426
router__all3__s17,0,282
router__all3__s18,0,277
router__all3__s22,0,270
router__all3__s21,0,288
router__all3__s23,0,274
router__all3__s19,0,309
router__all3__s20,0,317
router__all3__s24,0,330
router__all3__s25,0,304
router__all3__s26,0,299
router__all3__s28,0,276
router__all3__s29,0,277
router__all3__s27,0,302
router__all3__s30,0,409
