case,seed,exit,frames,complete,anim,seconds
battery,1,0,20,yes,yes,299
battery,2,0,17,yes,yes,291
battery,3,0,18,yes,yes,283
battery,4,0,26,yes,yes,291
battery,5,0,26,yes,yes,291
battery,6,0,17,yes,yes,292
battery,7,0,18,yes,yes,302
battery,8,0,18,yes,yes,284
battery,9,0,17,yes,yes,283
battery,10,0,17,yes,yes,284
battery,11,0,19,yes,yes,290
battery,12,0,17,yes,yes,281
battery,13,0,17,yes,yes,285
battery,14,0,17,yes,yes,283
battery,15,0,18,yes,yes,285
battery,16,0,17,yes,yes,287
battery,17,0,18,yes,yes,284
battery,18,0,18,yes,yes,285
battery,19,0,26,yes,yes,287
battery,20,0,17,yes,yes,282
battery,21,0,19,yes,yes,287
battery,22,0,20,yes,yes,284
battery,23,0,20,yes,yes,286
battery,24,0,17,yes,yes,282
battery,25,0,19,yes,yes,286
battery,26,0,17,yes,yes,284
battery,27,1,89,no,no,317
battery,28,0,17,yes,yes,285
battery,29,0,17,yes,yes,290
battery,30,0,18,yes,yes,285
fault,1,0,17,yes,yes,286
fault,2,0,17,yes,yes,284
fault,3,0,17,yes,yes,284
fault,4,0,17,yes,yes,286
fault,5,0,17,yes,yes,286
fault,6,0,17,yes,yes,287
fault,7,0,17,yes,yes,284
fault,8,0,17,yes,yes,287
fault,9,0,17,yes,yes,283
fault,10,0,18,yes,yes,285
fault,11,0,17,yes,yes,290
fault,12,0,17,yes,yes,333
fault,13,0,19,yes,yes,283
fault,14,0,17,yes,yes,283
fault,15,0,17,yes,yes,280
fault,16,0,18,yes,yes,281
fault,17,0,18,yes,yes,306
fault,18,0,17,yes,yes,278
fault,19,0,17,yes,yes,278
fault,20,0,17,yes,yes,280
fault,21,0,17,yes,yes,288
fault,22,0,17,yes,yes,280
fault,23,0,17,yes,yes,280
fault,24,0,17,yes,yes,282
fault,25,0,18,yes,yes,281
fault,26,0,17,yes,yes,283
fault,27,0,17,yes,yes,280
fault,28,0,17,yes,yes,281
fault,29,0,18,yes,yes,284
fault,30,0,17,yes,yes,280
