closed,total,progress,n_active,spares,fault_single,fault_solo,fault_frontier,zone_pending,battery_targets,n_frontier,fts_min,fts_hist,n_hotswap,n_hotswap_inprog,hotswap_pick,batt_old,batt_old_spare,batt_old_work,batt_new,batt_new_spare,batt_new_work
58,313,0.1853,22,12,0,0,1,8,10,10,1,"1|1|1|1|2|2|2|2|2|2",10,0,1,1,0,1,1,0,1
60,313,0.1917,22,12,0,0,1,8,9,9,1,"1|1|1|2|2|2|2|2|2",10,1,1,1,0,1,1,0,1
80,313,0.2556,20,12,0,0,0,8,2,1,2,"2",10,2,1,10,0,1,4,0,1
100,313,0.3195,20,12,0,0,0,8,4,0,0,"",10,0,1,7,0,1,1,0,1
120,313,0.3834,22,12,0,0,0,7,6,0,0,"",10,0,1,7,0,1,1,0,1
142,313,0.4537,21,12,0,0,0,6,6,0,0,"",10,0,1,7,0,1,1,0,1
160,313,0.5112,21,12,0,0,0,5,7,0,0,"",10,1,1,14,1,0,4,0,1
180,313,0.5751,23,12,0,0,0,5,8,0,0,"",10,0,1,14,1,0,1,0,1
200,313,0.639,19,12,0,0,0,4,2,0,0,"",10,0,1,14,1,0,1,0,1
222,313,0.7093,22,12,0,0,0,2,10,0,0,"",10,0,1,14,1,0,1,0,1
240,313,0.7668,21,12,0,0,0,1,7,0,0,"",9,0,1,14,1,0,1,0,1
260,313,0.8307,23,12,0,0,0,1,7,0,0,"",3,0,4,14,1,0,4,0,1
280,313,0.8946,22,12,0,0,0,1,7,0,0,"",0,0,0,14,1,0,5,0,0
