closed,total,progress,n_active,spares,fault_single,fault_solo,fault_frontier,zone_pending,battery_targets,n_frontier,fts_min,fts_hist,n_hotswap,n_hotswap_inprog,hotswap_pick
58,313,0.1853,22,12,0,0,1,8,10,10,1,"1|1|1|1|2|2|2|2|2|2",10,0,1
60,313,0.1917,22,12,0,0,1,8,9,9,1,"1|1|1|2|2|2|2|2|2",10,1,1
80,313,0.2556,20,12,0,0,0,8,2,1,2,"2",10,2,1
101,313,0.3227,20,12,0,0,0,8,4,0,0,"",10,0,1
120,313,0.3834,22,12,0,0,0,7,6,0,0,"",10,0,1
140,313,0.4473,21,12,0,0,0,6,6,0,0,"",10,0,1
160,313,0.5112,20,12,0,0,0,6,4,0,0,"",10,0,1
183,313,0.5847,21,12,0,0,0,5,6,0,0,"",10,0,1
201,313,0.6422,21,12,0,0,0,4,6,0,0,"",10,2,1
222,313,0.7093,20,12,0,0,0,3,6,0,0,"",10,0,1
240,313,0.7668,23,12,0,0,0,2,9,0,0,"",9,0,1
260,313,0.8307,18,12,0,0,0,1,2,0,0,"",2,0,5
280,313,0.8946,22,12,0,0,0,1,7,0,0,"",0,0,0
