mode,closed,total,n_pristine,family,target,cx,cy,zone_r,n_blocked,n_restage_feasible,n_nav_goals,n_nav_blocked,root_covered,relocate_feasible,verdict
presim,0,313,7,stage,ConstructionBots.AssemblyID(2),0.0,0.4025,0.07,7,7,135,1,0,1,forbid_zone
presim,0,313,7,stage,ConstructionBots.AssemblyID(4),-0.1582,-0.0,0.07,7,7,135,1,2,1,forbid_zone
presim,0,313,7,stage,ConstructionBots.AssemblyID(6),-0.0013,-0.2981,0.07,7,7,135,1,0,1,forbid_zone
presim,0,313,7,stage,ConstructionBots.AssemblyID(5),-0.0013,-0.2981,0.07,7,7,135,1,0,1,forbid_zone
presim,0,313,7,stage,ConstructionBots.AssemblyID(7),-0.0,0.2408,0.07,7,7,135,1,0,1,forbid_zone
presim,0,313,7,stage,ConstructionBots.AssemblyID(3),-0.0001,-0.5828,0.07,5,5,135,1,0,1,forbid_zone
presim,0,313,7,stage,ConstructionBots.AssemblyID(8),-0.0,0.2408,0.07,7,7,135,1,0,1,forbid_zone
presim,0,313,7,stage,ConstructionBots.AssemblyID(2),0.0,0.4025,0.112,7,7,135,1,0,1,forbid_zone
presim,0,313,7,stage,ConstructionBots.AssemblyID(4),-0.1582,-0.0,0.112,7,7,135,1,2,1,forbid_zone
presim,0,313,7,stage,ConstructionBots.AssemblyID(6),-0.0013,-0.2981,0.112,7,7,135,1,0,1,forbid_zone
presim,0,313,7,stage,ConstructionBots.AssemblyID(5),-0.0013,-0.2981,0.112,7,7,135,1,0,1,forbid_zone
presim,0,313,7,stage,ConstructionBots.AssemblyID(7),-0.0,0.2408,0.112,7,7,135,1,0,1,forbid_zone
presim,0,313,7,stage,ConstructionBots.AssemblyID(3),-0.0001,-0.5828,0.112,5,5,135,1,0,1,forbid_zone
presim,0,313,7,stage,ConstructionBots.AssemblyID(8),-0.0,0.2408,0.112,7,7,135,1,0,1,forbid_zone
presim,0,313,7,stage,ConstructionBots.AssemblyID(2),0.0,0.4025,0.21,7,7,135,1,0,1,forbid_zone
presim,0,313,7,stage,ConstructionBots.AssemblyID(4),-0.1582,-0.0,0.21,7,7,135,1,3,1,forbid_zone
presim,0,313,7,stage,ConstructionBots.AssemblyID(6),-0.0013,-0.2981,0.21,7,7,135,1,0,1,forbid_zone
presim,0,313,7,stage,ConstructionBots.AssemblyID(5),-0.0013,-0.2981,0.21,7,7,135,1,0,1,forbid_zone
presim,0,313,7,stage,ConstructionBots.AssemblyID(7),-0.0,0.2408,0.21,7,7,135,1,0,1,forbid_zone
presim,0,313,7,stage,ConstructionBots.AssemblyID(3),-0.0001,-0.5828,0.21,7,7,135,1,0,1,forbid_zone
presim,0,313,7,stage,ConstructionBots.AssemblyID(8),-0.0,0.2408,0.21,7,7,135,1,0,1,forbid_zone
presim,0,313,7,nav,vtx7,-6.9766,4.1416,0.07,0,0,135,1,0,1,noop
presim,0,313,7,nav,vtx14,-6.9766,3.66,0.07,0,0,135,3,0,1,noop
presim,0,313,7,nav,vtx23,-1.7702,4.1416,0.07,0,0,135,1,0,1,noop
presim,0,313,7,nav,vtx30,-1.7702,3.66,0.07,0,0,135,3,0,1,noop
presim,0,313,7,nav,vtx39,3.638,-1.9866,0.07,1,1,135,1,0,1,forbid_zone
presim,0,313,7,nav,vtx46,3.6406,-1.2783,0.07,1,1,135,1,0,1,forbid_zone
presim,0,313,7,nav,vtx55,9.8123,-1.9874,0.07,0,0,135,1,0,1,noop
presim,0,313,7,nav,vtx62,9.8148,-1.2792,0.07,0,0,135,1,0,1,noop
presim,0,313,7,nav,vtx71,-4.7271,-1.8598,0.07,0,0,135,2,0,1,noop
presim,0,313,7,nav,vtx76,-2.6514,-1.8598,0.07,1,1,135,2,0,1,forbid_zone
presim,0,313,7,nav,vtx83,-4.5778,-1.8598,0.07,0,0,135,2,0,1,noop
presim,0,313,7,nav,vtx88,-2.7751,-1.8598,0.07,1,1,135,2,0,1,forbid_zone
presim,0,313,7,nav,vtx95,-3.7075,-1.8598,0.07,1,1,135,1,0,1,forbid_zone
presim,0,313,7,nav,vtx104,5.8631,-1.0741,0.07,0,0,135,1,0,1,noop
presim,0,313,7,nav,vtx108,7.5899,-1.0741,0.07,0,0,135,1,0,1,noop
presim,0,313,7,nav,vtx114,6.7265,-1.0741,0.07,0,0,135,1,0,1,noop
presim,0,313,7,nav,vtx123,-5.0954,3.4984,0.07,0,0,135,1,0,1,noop
presim,0,313,7,nav,vtx127,-3.6514,3.4984,0.07,0,0,135,1,0,1,noop
presim,0,313,7,nav,vtx133,-4.3734,3.4984,0.07,0,0,135,1,0,1,noop
presim,0,313,7,nav,vtx143,-0.9196,-0.0,0.07,3,3,135,2,0,1,forbid_zone
presim,0,313,7,nav,vtx148,1.0944,-0.4158,0.07,3,3,135,3,0,1,forbid_zone
presim,0,313,7,nav,vtx153,1.0944,0.4158,0.07,3,3,135,3,0,1,forbid_zone
presim,0,313,7,nav,vtx160,1.2932,-0.3911,0.07,3,3,135,3,0,1,forbid_zone
presim,0,313,7,nav,vtx165,1.1661,0.3482,0.07,3,3,135,3,0,1,forbid_zone
presim,0,313,7,nav,vtx172,-1.0591,-0.0203,0.07,3,3,135,2,0,1,forbid_zone
presim,0,313,7,nav,vtx176,1.3344,-0.0233,0.07,3,3,135,2,0,1,forbid_zone
presim,0,313,7,nav,vtx182,0.0,0.0,0.07,7,7,135,1,1,1,forbid_zone
presim,0,313,7,nav,vtx185,-2.2978,1.1742,0.07,2,2,135,2,0,1,forbid_zone
presim,0,313,7,nav,vtx187,-1.0978,2.1022,0.07,2,2,135,2,0,1,forbid_zone
presim,0,313,7,nav,vtx189,1.5422,-3.0178,0.07,1,1,135,2,0,1,forbid_zone
presim,0,313,7,nav,vtx191,0.3742,-3.1432,0.07,1,1,135,2,0,1,forbid_zone
presim,0,313,7,nav,vtx193,-2.2978,0.2942,0.07,2,2,135,2,0,1,forbid_zone
presim,0,313,7,nav,vtx195,1.3022,2.1022,0.07,2,2,135,2,0,1,forbid_zone
presim,0,313,7,nav,vtx197,2.3022,1.1262,0.07,2,2,135,2,0,1,forbid_zone
presim,0,313,7,nav,vtx199,1.0622,-3.3378,0.07,1,1,135,2,0,1,forbid_zone
presim,0,313,7,nav,vtx201,-0.1698,-3.2125,0.07,1,1,135,2,0,1,forbid_zone
presim,0,313,7,nav,vtx203,2.7022,1.3182,0.07,2,2,135,2,0,1,forbid_zone
presim,0,313,7,nav,vtx205,-8.8471,-8.6811,0.07,0,0,135,1,0,1,noop
presim,0,313,7,nav,vtx207,-9.5471,-8.6811,0.07,0,0,135,1,0,1,noop
presim,0,313,7,nav,vtx209,-10.2471,-8.6811,0.07,0,0,135,1,0,1,noop
presim,0,313,7,nav,vtx211,-10.9471,-8.6811,0.07,0,0,135,1,0,1,noop
presim,0,313,7,nav,vtx213,-11.6471,-8.6811,0.07,0,0,135,1,0,1,noop
presim,0,313,7,nav,vtx215,-12.3471,-8.6811,0.07,0,0,135,1,0,1,noop
presim,0,313,7,nav,vtx217,-13.0471,-8.6811,0.07,0,0,135,1,0,1,noop
presim,0,313,7,nav,vtx219,-13.7471,-8.6811,0.07,0,0,135,1,0,1,noop
presim,0,313,7,nav,vtx221,-14.4471,-8.6811,0.07,0,0,135,1,0,1,noop
presim,0,313,7,nav,vtx223,-15.1471,-8.6811,0.07,0,0,135,1,0,1,noop
presim,0,313,7,nav,vtx225,-15.8471,-8.6811,0.07,0,0,135,1,0,1,noop
presim,0,313,7,nav,vtx227,-16.5471,-8.6811,0.07,0,0,135,1,0,1,noop
presim,0,313,7,nav,vtx228,-3.4978,2.1022,0.07,0,0,135,2,0,1,noop
presim,0,313,7,nav,vtx229,1.3022,2.1022,0.07,2,2,135,2,0,1,forbid_zone
presim,0,313,7,nav,vtx230,-6.9766,3.66,0.07,0,0,135,3,0,1,noop
presim,0,313,7,nav,vtx231,-1.0978,2.1022,0.07,2,2,135,2,0,1,forbid_zone
presim,0,313,7,nav,vtx232,-1.7702,3.66,0.07,0,0,135,3,0,1,noop
presim,0,313,7,nav,vtx233,-2.2978,2.1022,0.07,2,2,135,2,0,1,forbid_zone
presim,0,313,7,nav,vtx234,-2.2978,2.1022,0.07,2,2,135,2,0,1,forbid_zone
presim,0,313,7,nav,vtx235,-3.4978,2.1022,0.07,0,0,135,2,0,1,noop
presim,0,313,7,nav,vtx236,2.6622,-3.0178,0.07,1,1,135,2,0,1,forbid_zone
presim,0,313,7,nav,vtx237,3.8406,-1.2303,0.07,1,1,135,3,0,1,forbid_zone
presim,0,313,7,nav,vtx238,2.3022,1.1262,0.07,2,2,135,2,0,1,forbid_zone
presim,0,313,7,nav,vtx239,2.7022,1.3182,0.07,2,2,135,2,0,1,forbid_zone
presim,0,313,7,nav,vtx240,3.4406,-1.4223,0.07,1,1,135,3,0,1,forbid_zone
presim,0,313,7,nav,vtx241,-2.2978,1.1742,0.07,2,2,135,2,0,1,forbid_zone
presim,0,313,7,nav,vtx242,2.6622,2.1822,0.07,2,2,135,2,0,1,forbid_zone
presim,0,313,7,nav,vtx243,2.5022,2.9822,0.07,0,0,135,2,0,1,noop
presim,0,313,7,nav,vtx244,-3.6978,1.1262,0.07,0,0,135,2,0,1,noop
presim,0,313,7,nav,vtx245,-3.2978,1.3182,0.07,1,1,135,2,0,1,forbid_zone
presim,0,313,7,nav,vtx246,10.0148,-1.2312,0.07,0,0,135,3,0,1,noop
presim,0,313,7,nav,vtx247,-2.2978,0.2942,0.07,2,2,135,2,0,1,forbid_zone
presim,0,313,7,nav,vtx248,-3.1475,-2.0198,0.07,1,1,135,3,0,1,forbid_zone
presim,0,313,7,nav,vtx249,6.3425,-0.8741,0.07,0,0,135,3,0,1,noop
presim,0,313,7,nav,vtx250,1.6222,-2.1378,0.07,2,2,135,2,0,1,forbid_zone
presim,0,313,7,nav,vtx251,0.9822,-2.4578,0.07,2,2,135,2,0,1,forbid_zone
presim,0,313,7,nav,vtx252,6.3265,-1.2421,0.07,0,0,135,3,0,1,noop
presim,0,313,7,nav,vtx253,-3.4978,0.3422,0.07,1,1,135,2,0,1,forbid_zone
presim,0,313,7,nav,vtx254,-3.4978,0.3422,0.07,1,1,135,2,0,1,forbid_zone
presim,0,313,7,nav,vtx255,-3.9475,-1.6998,0.07,0,0,135,3,0,1,noop
presim,0,313,7,nav,vtx256,2.6622,-3.0178,0.07,1,1,135,2,0,1,forbid_zone
presim,0,313,7,nav,vtx257,2.3422,-3.3378,0.07,1,1,135,2,0,1,forbid_zone
presim,0,313,7,nav,vtx258,-0.8258,-3.1432,0.07,1,1,135,2,0,1,forbid_zone
presim,0,313,7,nav,vtx259,-1.3698,-3.2125,0.07,1,1,135,2,0,1,forbid_zone
presim,0,313,7,nav,vtx260,-1.3378,-2.4578,0.07,2,2,135,2,0,1,forbid_zone
presim,0,313,7,nav,vtx261,-0.8578,-2.1378,0.07,2,2,135,2,0,1,forbid_zone
presim,0,313,7,nav,vtx262,-0.8578,-2.1378,0.07,2,2,135,2,0,1,forbid_zone
presim,0,313,7,nav,vtx263,-1.3378,-2.4578,0.07,2,2,135,2,0,1,forbid_zone
presim,0,313,7,nav,vtx264,1.0622,-3.3378,0.07,1,1,135,2,0,1,forbid_zone
presim,0,313,7,nav,vtx265,1.5422,-3.0178,0.07,1,1,135,2,0,1,forbid_zone
presim,0,313,7,nav,vtx266,0.9822,-2.4578,0.07,2,2,135,2,0,1,forbid_zone
presim,0,313,7,nav,vtx267,9.6148,-1.4232,0.07,0,0,135,3,0,1,noop
presim,0,313,7,nav,vtx268,3.4406,-1.4223,0.07,1,1,135,3,0,1,forbid_zone
presim,0,313,7,nav,vtx269,3.8406,-1.2303,0.07,1,1,135,3,0,1,forbid_zone
presim,0,313,7,nav,vtx270,0.1022,2.9822,0.07,2,2,135,2,0,1,forbid_zone
presim,0,313,7,nav,vtx271,1.3022,2.9822,0.07,2,2,135,2,0,1,forbid_zone
presim,0,313,7,nav,vtx272,10.0148,-1.2312,0.07,0,0,135,3,0,1,noop
presim,0,313,7,nav,vtx273,9.6148,-1.4232,0.07,0,0,135,3,0,1,noop
presim,0,313,7,nav,vtx274,2.3422,-3.3378,0.07,1,1,135,2,0,1,forbid_zone
presim,0,313,7,nav,vtx275,1.6222,-2.1378,0.07,2,2,135,2,0,1,forbid_zone
presim,0,313,7,nav,vtx276,-0.1698,-3.2125,0.07,1,1,135,2,0,1,forbid_zone
presim,0,313,7,nav,vtx277,0.3742,-3.1432,0.07,1,1,135,2,0,1,forbid_zone
presim,0,313,7,nav,vtx278,-3.6978,1.1262,0.07,0,0,135,2,0,1,noop
presim,0,313,7,nav,vtx279,-6.9766,3.66,0.07,0,0,135,3,0,1,noop
presim,0,313,7,nav,vtx280,-3.2978,1.3182,0.07,1,1,135,2,0,1,forbid_zone
presim,0,313,7,nav,vtx281,-1.7702,3.66,0.07,0,0,135,3,0,1,noop
presim,0,313,7,nav,vtx282,-4.0694,3.6399,0.07,0,0,135,3,0,1,noop
presim,0,313,7,nav,vtx283,-4.6774,3.3569,0.07,0,0,135,3,0,1,noop
presim,0,313,7,nav,vtx284,-0.8258,-3.1432,0.07,1,1,135,2,0,1,forbid_zone
presim,0,313,7,nav,vtx285,-1.3698,-3.2125,0.07,1,1,135,2,0,1,forbid_zone
presim,0,313,7,nav,vtx286,-17.2471,-8.6811,0.07,0,0,135,1,0,1,noop
presim,0,313,7,nav,vtx287,0.1022,2.9822,0.07,2,2,135,2,0,1,forbid_zone
presim,0,313,7,nav,vtx288,-17.9471,-8.6811,0.07,0,0,135,1,0,1,noop
presim,0,313,7,nav,vtx289,1.3022,2.9822,0.07,2,2,135,2,0,1,forbid_zone
presim,0,313,7,nav,vtx290,-18.6471,-8.6811,0.07,0,0,135,1,0,1,noop
presim,0,313,7,nav,vtx291,2.5022,2.9822,0.07,0,0,135,2,0,1,noop
presim,0,313,7,nav,vtx292,-19.3471,-8.6811,0.07,0,0,135,1,0,1,noop
presim,0,313,7,nav,vtx293,-20.0471,-8.6811,0.07,0,0,135,1,0,1,noop
presim,0,313,7,nav,vtx294,2.6622,2.1822,0.07,2,2,135,2,0,1,forbid_zone
presim,0,313,7,nav,vtx295,2.3422,1.8622,0.07,2,2,135,2,0,1,forbid_zone
presim,0,313,7,nav,vtx296,-20.7471,-8.6811,0.07,0,0,135,1,0,1,noop
presim,0,313,7,nav,vtx297,-1.0978,2.9822,0.07,2,2,135,2,0,1,forbid_zone
presim,0,313,7,nav,vtx298,-1.0978,2.9822,0.07,2,2,135,2,0,1,forbid_zone
presim,0,313,7,nav,vtx299,2.3422,1.8622,0.07,2,2,135,2,0,1,forbid_zone
presim,0,313,7,nav,vtx300,-4.0694,3.6399,0.07,0,0,135,3,0,1,noop
presim,0,313,7,nav,vtx301,-4.6774,3.3569,0.07,0,0,135,3,0,1,noop
presim,0,313,7,nav,vtx302,-21.4471,-8.6811,0.07,0,0,135,1,0,1,noop
presim,0,313,7,nav,vtx303,-22.1471,-8.6811,0.07,0,0,135,1,0,1,noop
presim,0,313,7,nav,vtx304,-22.8471,-8.6811,0.07,0,0,135,1,0,1,noop
presim,0,313,7,nav,vtx305,-23.5471,-8.6811,0.07,0,0,135,1,0,1,noop
presim,0,313,7,nav,vtx306,6.3265,-1.2421,0.07,0,0,135,3,0,1,noop
presim,0,313,7,nav,vtx307,6.3425,-0.8741,0.07,0,0,135,3,0,1,noop
presim,0,313,7,nav,vtx308,7.1105,-1.2741,0.07,0,0,135,3,0,1,noop
presim,0,313,7,nav,vtx309,7.1265,-0.9061,0.07,0,0,135,3,0,1,noop
presim,0,313,7,nav,vtx310,7.1105,-1.2741,0.07,0,0,135,3,0,1,noop
presim,0,313,7,nav,vtx311,7.1265,-0.9061,0.07,0,0,135,3,0,1,noop
presim,0,313,7,nav,vtx312,-3.9475,-1.6998,0.07,0,0,135,3,0,1,noop
presim,0,313,7,nav,vtx313,-3.1475,-2.0198,0.07,1,1,135,3,0,1,forbid_zone
presim,0,313,7,nav,vtx7,-6.9766,4.1416,0.112,0,0,135,1,0,1,noop
presim,0,313,7,nav,vtx14,-6.9766,3.66,0.112,0,0,135,3,0,1,noop
presim,0,313,7,nav,vtx23,-1.7702,4.1416,0.112,0,0,135,1,0,1,noop
presim,0,313,7,nav,vtx30,-1.7702,3.66,0.112,0,0,135,3,0,1,noop
presim,0,313,7,nav,vtx39,3.638,-1.9866,0.112,1,1,135,1,0,1,forbid_zone
presim,0,313,7,nav,vtx46,3.6406,-1.2783,0.112,1,1,135,3,0,1,forbid_zone
presim,0,313,7,nav,vtx55,9.8123,-1.9874,0.112,0,0,135,1,0,1,noop
presim,0,313,7,nav,vtx62,9.8148,-1.2792,0.112,0,0,135,3,0,1,noop
presim,0,313,7,nav,vtx71,-4.7271,-1.8598,0.112,0,0,135,2,0,1,noop
presim,0,313,7,nav,vtx76,-2.6514,-1.8598,0.112,1,1,135,2,0,1,forbid_zone
presim,0,313,7,nav,vtx83,-4.5778,-1.8598,0.112,0,0,135,2,0,1,noop
presim,0,313,7,nav,vtx88,-2.7751,-1.8598,0.112,1,1,135,2,0,1,forbid_zone
presim,0,313,7,nav,vtx95,-3.7075,-1.8598,0.112,1,1,135,1,0,1,forbid_zone
presim,0,313,7,nav,vtx104,5.8631,-1.0741,0.112,0,0,135,1,0,1,noop
presim,0,313,7,nav,vtx108,7.5899,-1.0741,0.112,0,0,135,1,0,1,noop
presim,0,313,7,nav,vtx114,6.7265,-1.0741,0.112,0,0,135,1,0,1,noop
presim,0,313,7,nav,vtx123,-5.0954,3.4984,0.112,0,0,135,1,0,1,noop
presim,0,313,7,nav,vtx127,-3.6514,3.4984,0.112,0,0,135,1,0,1,noop
presim,0,313,7,nav,vtx133,-4.3734,3.4984,0.112,0,0,135,1,0,1,noop
presim,0,313,7,nav,vtx143,-0.9196,-0.0,0.112,3,3,135,2,0,1,forbid_zone
presim,0,313,7,nav,vtx148,1.0944,-0.4158,0.112,3,3,135,3,0,1,forbid_zone
presim,0,313,7,nav,vtx153,1.0944,0.4158,0.112,3,3,135,3,0,1,forbid_zone
presim,0,313,7,nav,vtx160,1.2932,-0.3911,0.112,3,3,135,3,0,1,forbid_zone
presim,0,313,7,nav,vtx165,1.1661,0.3482,0.112,3,3,135,3,0,1,forbid_zone
presim,0,313,7,nav,vtx172,-1.0591,-0.0203,0.112,3,3,135,2,0,1,forbid_zone
presim,0,313,7,nav,vtx176,1.3344,-0.0233,0.112,3,3,135,2,0,1,forbid_zone
presim,0,313,7,nav,vtx182,0.0,0.0,0.112,7,7,135,1,1,1,forbid_zone
presim,0,313,7,nav,vtx185,-2.2978,1.1742,0.112,2,2,135,2,0,1,forbid_zone
presim,0,313,7,nav,vtx187,-1.0978,2.1022,0.112,2,2,135,2,0,1,forbid_zone
presim,0,313,7,nav,vtx189,1.5422,-3.0178,0.112,1,1,135,2,0,1,forbid_zone
presim,0,313,7,nav,vtx191,0.3742,-3.1432,0.112,1,1,135,2,0,1,forbid_zone
presim,0,313,7,nav,vtx193,-2.2978,0.2942,0.112,2,2,135,2,0,1,forbid_zone
presim,0,313,7,nav,vtx195,1.3022,2.1022,0.112,2,2,135,2,0,1,forbid_zone
presim,0,313,7,nav,vtx197,2.3022,1.1262,0.112,2,2,135,2,0,1,forbid_zone
presim,0,313,7,nav,vtx199,1.0622,-3.3378,0.112,1,1,135,2,0,1,forbid_zone
presim,0,313,7,nav,vtx201,-0.1698,-3.2125,0.112,1,1,135,2,0,1,forbid_zone
presim,0,313,7,nav,vtx203,2.7022,1.3182,0.112,2,2,135,2,0,1,forbid_zone
presim,0,313,7,nav,vtx205,-8.8471,-8.6811,0.112,0,0,135,1,0,1,noop
presim,0,313,7,nav,vtx207,-9.5471,-8.6811,0.112,0,0,135,1,0,1,noop
presim,0,313,7,nav,vtx209,-10.2471,-8.6811,0.112,0,0,135,1,0,1,noop
presim,0,313,7,nav,vtx211,-10.9471,-8.6811,0.112,0,0,135,1,0,1,noop
presim,0,313,7,nav,vtx213,-11.6471,-8.6811,0.112,0,0,135,1,0,1,noop
presim,0,313,7,nav,vtx215,-12.3471,-8.6811,0.112,0,0,135,1,0,1,noop
presim,0,313,7,nav,vtx217,-13.0471,-8.6811,0.112,0,0,135,1,0,1,noop
presim,0,313,7,nav,vtx219,-13.7471,-8.6811,0.112,0,0,135,1,0,1,noop
presim,0,313,7,nav,vtx221,-14.4471,-8.6811,0.112,0,0,135,1,0,1,noop
presim,0,313,7,nav,vtx223,-15.1471,-8.6811,0.112,0,0,135,1,0,1,noop
presim,0,313,7,nav,vtx225,-15.8471,-8.6811,0.112,0,0,135,1,0,1,noop
presim,0,313,7,nav,vtx227,-16.5471,-8.6811,0.112,0,0,135,1,0,1,noop
presim,0,313,7,nav,vtx228,-3.4978,2.1022,0.112,0,0,135,2,0,1,noop
presim,0,313,7,nav,vtx229,1.3022,2.1022,0.112,2,2,135,2,0,1,forbid_zone
presim,0,313,7,nav,vtx230,-6.9766,3.66,0.112,0,0,135,3,0,1,noop
presim,0,313,7,nav,vtx231,-1.0978,2.1022,0.112,2,2,135,2,0,1,forbid_zone
presim,0,313,7,nav,vtx232,-1.7702,3.66,0.112,0,0,135,3,0,1,noop
presim,0,313,7,nav,vtx233,-2.2978,2.1022,0.112,2,2,135,2,0,1,forbid_zone
presim,0,313,7,nav,vtx234,-2.2978,2.1022,0.112,2,2,135,2,0,1,forbid_zone
presim,0,313,7,nav,vtx235,-3.4978,2.1022,0.112,0,0,135,2,0,1,noop
presim,0,313,7,nav,vtx236,2.6622,-3.0178,0.112,1,1,135,2,0,1,forbid_zone
presim,0,313,7,nav,vtx237,3.8406,-1.2303,0.112,1,1,135,3,0,1,forbid_zone
presim,0,313,7,nav,vtx238,2.3022,1.1262,0.112,2,2,135,2,0,1,forbid_zone
presim,0,313,7,nav,vtx239,2.7022,1.3182,0.112,2,2,135,2,0,1,forbid_zone
presim,0,313,7,nav,vtx240,3.4406,-1.4223,0.112,1,1,135,3,0,1,forbid_zone
presim,0,313,7,nav,vtx241,-2.2978,1.1742,0.112,2,2,135,2,0,1,forbid_zone
presim,0,313,7,nav,vtx242,2.6622,2.1822,0.112,2,2,135,2,0,1,forbid_zone
presim,0,313,7,nav,vtx243,2.5022,2.9822,0.112,0,0,135,2,0,1,noop
presim,0,313,7,nav,vtx244,-3.6978,1.1262,0.112,0,0,135,2,0,1,noop
presim,0,313,7,nav,vtx245,-3.2978,1.3182,0.112,1,1,135,2,0,1,forbid_zone
presim,0,313,7,nav,vtx246,10.0148,-1.2312,0.112,0,0,135,3,0,1,noop
presim,0,313,7,nav,vtx247,-2.2978,0.2942,0.112,2,2,135,2,0,1,forbid_zone
presim,0,313,7,nav,vtx248,-3.1475,-2.0198,0.112,1,1,135,3,0,1,forbid_zone
presim,0,313,7,nav,vtx249,6.3425,-0.8741,0.112,0,0,135,3,0,1,noop
presim,0,313,7,nav,vtx250,1.6222,-2.1378,0.112,2,2,135,2,0,1,forbid_zone
presim,0,313,7,nav,vtx251,0.9822,-2.4578,0.112,2,2,135,2,0,1,forbid_zone
presim,0,313,7,nav,vtx252,6.3265,-1.2421,0.112,0,0,135,3,0,1,noop
presim,0,313,7,nav,vtx253,-3.4978,0.3422,0.112,1,1,135,2,0,1,forbid_zone
presim,0,313,7,nav,vtx254,-3.4978,0.3422,0.112,1,1,135,2,0,1,forbid_zone
presim,0,313,7,nav,vtx255,-3.9475,-1.6998,0.112,0,0,135,3,0,1,noop
presim,0,313,7,nav,vtx256,2.6622,-3.0178,0.112,1,1,135,2,0,1,forbid_zone
presim,0,313,7,nav,vtx257,2.3422,-3.3378,0.112,1,1,135,2,0,1,forbid_zone
presim,0,313,7,nav,vtx258,-0.8258,-3.1432,0.112,1,1,135,2,0,1,forbid_zone
presim,0,313,7,nav,vtx259,-1.3698,-3.2125,0.112,1,1,135,2,0,1,forbid_zone
presim,0,313,7,nav,vtx260,-1.3378,-2.4578,0.112,2,2,135,2,0,1,forbid_zone
presim,0,313,7,nav,vtx261,-0.8578,-2.1378,0.112,2,2,135,2,0,1,forbid_zone
presim,0,313,7,nav,vtx262,-0.8578,-2.1378,0.112,2,2,135,2,0,1,forbid_zone
presim,0,313,7,nav,vtx263,-1.3378,-2.4578,0.112,2,2,135,2,0,1,forbid_zone
presim,0,313,7,nav,vtx264,1.0622,-3.3378,0.112,1,1,135,2,0,1,forbid_zone
presim,0,313,7,nav,vtx265,1.5422,-3.0178,0.112,1,1,135,2,0,1,forbid_zone
presim,0,313,7,nav,vtx266,0.9822,-2.4578,0.112,2,2,135,2,0,1,forbid_zone
presim,0,313,7,nav,vtx267,9.6148,-1.4232,0.112,0,0,135,3,0,1,noop
presim,0,313,7,nav,vtx268,3.4406,-1.4223,0.112,1,1,135,3,0,1,forbid_zone
presim,0,313,7,nav,vtx269,3.8406,-1.2303,0.112,1,1,135,3,0,1,forbid_zone
presim,0,313,7,nav,vtx270,0.1022,2.9822,0.112,2,2,135,2,0,1,forbid_zone
presim,0,313,7,nav,vtx271,1.3022,2.9822,0.112,2,2,135,2,0,1,forbid_zone
presim,0,313,7,nav,vtx272,10.0148,-1.2312,0.112,0,0,135,3,0,1,noop
presim,0,313,7,nav,vtx273,9.6148,-1.4232,0.112,0,0,135,3,0,1,noop
presim,0,313,7,nav,vtx274,2.3422,-3.3378,0.112,1,1,135,2,0,1,forbid_zone
presim,0,313,7,nav,vtx275,1.6222,-2.1378,0.112,2,2,135,2,0,1,forbid_zone
presim,0,313,7,nav,vtx276,-0.1698,-3.2125,0.112,1,1,135,2,0,1,forbid_zone
presim,0,313,7,nav,vtx277,0.3742,-3.1432,0.112,1,1,135,2,0,1,forbid_zone
presim,0,313,7,nav,vtx278,-3.6978,1.1262,0.112,0,0,135,2,0,1,noop
presim,0,313,7,nav,vtx279,-6.9766,3.66,0.112,0,0,135,3,0,1,noop
presim,0,313,7,nav,vtx280,-3.2978,1.3182,0.112,1,1,135,2,0,1,forbid_zone
presim,0,313,7,nav,vtx281,-1.7702,3.66,0.112,0,0,135,3,0,1,noop
presim,0,313,7,nav,vtx282,-4.0694,3.6399,0.112,0,0,135,3,0,1,noop
presim,0,313,7,nav,vtx283,-4.6774,3.3569,0.112,0,0,135,3,0,1,noop
presim,0,313,7,nav,vtx284,-0.8258,-3.1432,0.112,1,1,135,2,0,1,forbid_zone
presim,0,313,7,nav,vtx285,-1.3698,-3.2125,0.112,1,1,135,2,0,1,forbid_zone
presim,0,313,7,nav,vtx286,-17.2471,-8.6811,0.112,0,0,135,1,0,1,noop
presim,0,313,7,nav,vtx287,0.1022,2.9822,0.112,2,2,135,2,0,1,forbid_zone
presim,0,313,7,nav,vtx288,-17.9471,-8.6811,0.112,0,0,135,1,0,1,noop
presim,0,313,7,nav,vtx289,1.3022,2.9822,0.112,2,2,135,2,0,1,forbid_zone
presim,0,313,7,nav,vtx290,-18.6471,-8.6811,0.112,0,0,135,1,0,1,noop
presim,0,313,7,nav,vtx291,2.5022,2.9822,0.112,0,0,135,2,0,1,noop
presim,0,313,7,nav,vtx292,-19.3471,-8.6811,0.112,0,0,135,1,0,1,noop
presim,0,313,7,nav,vtx293,-20.0471,-8.6811,0.112,0,0,135,1,0,1,noop
presim,0,313,7,nav,vtx294,2.6622,2.1822,0.112,2,2,135,2,0,1,forbid_zone
presim,0,313,7,nav,vtx295,2.3422,1.8622,0.112,2,2,135,2,0,1,forbid_zone
presim,0,313,7,nav,vtx296,-20.7471,-8.6811,0.112,0,0,135,1,0,1,noop
presim,0,313,7,nav,vtx297,-1.0978,2.9822,0.112,2,2,135,2,0,1,forbid_zone
presim,0,313,7,nav,vtx298,-1.0978,2.9822,0.112,2,2,135,2,0,1,forbid_zone
presim,0,313,7,nav,vtx299,2.3422,1.8622,0.112,2,2,135,2,0,1,forbid_zone
presim,0,313,7,nav,vtx300,-4.0694,3.6399,0.112,0,0,135,3,0,1,noop
presim,0,313,7,nav,vtx301,-4.6774,3.3569,0.112,0,0,135,3,0,1,noop
presim,0,313,7,nav,vtx302,-21.4471,-8.6811,0.112,0,0,135,1,0,1,noop
presim,0,313,7,nav,vtx303,-22.1471,-8.6811,0.112,0,0,135,1,0,1,noop
presim,0,313,7,nav,vtx304,-22.8471,-8.6811,0.112,0,0,135,1,0,1,noop
presim,0,313,7,nav,vtx305,-23.5471,-8.6811,0.112,0,0,135,1,0,1,noop
presim,0,313,7,nav,vtx306,6.3265,-1.2421,0.112,0,0,135,3,0,1,noop
presim,0,313,7,nav,vtx307,6.3425,-0.8741,0.112,0,0,135,3,0,1,noop
presim,0,313,7,nav,vtx308,7.1105,-1.2741,0.112,0,0,135,3,0,1,noop
presim,0,313,7,nav,vtx309,7.1265,-0.9061,0.112,0,0,135,3,0,1,noop
presim,0,313,7,nav,vtx310,7.1105,-1.2741,0.112,0,0,135,3,0,1,noop
presim,0,313,7,nav,vtx311,7.1265,-0.9061,0.112,0,0,135,3,0,1,noop
presim,0,313,7,nav,vtx312,-3.9475,-1.6998,0.112,0,0,135,3,0,1,noop
presim,0,313,7,nav,vtx313,-3.1475,-2.0198,0.112,1,1,135,3,0,1,forbid_zone
presim,0,313,7,nav,vtx7,-6.9766,4.1416,0.21,0,0,135,1,0,1,noop
presim,0,313,7,nav,vtx14,-6.9766,3.66,0.21,0,0,135,3,0,1,noop
presim,0,313,7,nav,vtx23,-1.7702,4.1416,0.21,0,0,135,1,0,1,noop
presim,0,313,7,nav,vtx30,-1.7702,3.66,0.21,0,0,135,3,0,1,noop
presim,0,313,7,nav,vtx39,3.638,-1.9866,0.21,1,1,135,1,0,1,forbid_zone
presim,0,313,7,nav,vtx46,3.6406,-1.2783,0.21,1,1,135,5,0,1,forbid_zone
presim,0,313,7,nav,vtx55,9.8123,-1.9874,0.21,0,0,135,1,0,1,noop
presim,0,313,7,nav,vtx62,9.8148,-1.2792,0.21,0,0,135,5,0,1,noop
presim,0,313,7,nav,vtx71,-4.7271,-1.8598,0.21,0,0,135,2,0,1,noop
presim,0,313,7,nav,vtx76,-2.6514,-1.8598,0.21,1,1,135,2,0,1,forbid_zone
presim,0,313,7,nav,vtx83,-4.5778,-1.8598,0.21,0,0,135,2,0,1,noop
presim,0,313,7,nav,vtx88,-2.7751,-1.8598,0.21,1,1,135,2,0,1,forbid_zone
presim,0,313,7,nav,vtx95,-3.7075,-1.8598,0.21,1,1,135,3,0,1,forbid_zone
presim,0,313,7,nav,vtx104,5.8631,-1.0741,0.21,0,0,135,1,0,1,noop
presim,0,313,7,nav,vtx108,7.5899,-1.0741,0.21,0,0,135,1,0,1,noop
presim,0,313,7,nav,vtx114,6.7265,-1.0741,0.21,0,0,135,1,0,1,noop
presim,0,313,7,nav,vtx123,-5.0954,3.4984,0.21,0,0,135,1,0,1,noop
presim,0,313,7,nav,vtx127,-3.6514,3.4984,0.21,0,0,135,1,0,1,noop
presim,0,313,7,nav,vtx133,-4.3734,3.4984,0.21,0,0,135,5,0,1,noop
presim,0,313,7,nav,vtx143,-0.9196,-0.0,0.21,5,5,135,2,0,1,forbid_zone
presim,0,313,7,nav,vtx148,1.0944,-0.4158,0.21,3,3,135,3,0,1,forbid_zone
presim,0,313,7,nav,vtx153,1.0944,0.4158,0.21,3,3,135,3,0,1,forbid_zone
presim,0,313,7,nav,vtx160,1.2932,-0.3911,0.21,3,3,135,3,0,1,forbid_zone
presim,0,313,7,nav,vtx165,1.1661,0.3482,0.21,3,3,135,3,0,1,forbid_zone
presim,0,313,7,nav,vtx172,-1.0591,-0.0203,0.21,3,3,135,2,0,1,forbid_zone
presim,0,313,7,nav,vtx176,1.3344,-0.0233,0.21,3,3,135,3,0,1,forbid_zone
presim,0,313,7,nav,vtx182,0.0,0.0,0.21,7,7,135,1,3,1,forbid_zone
presim,0,313,7,nav,vtx185,-2.2978,1.1742,0.21,2,2,135,2,0,1,forbid_zone
presim,0,313,7,nav,vtx187,-1.0978,2.1022,0.21,2,2,135,2,0,1,forbid_zone
presim,0,313,7,nav,vtx189,1.5422,-3.0178,0.21,1,1,135,2,0,1,forbid_zone
presim,0,313,7,nav,vtx191,0.3742,-3.1432,0.21,1,1,135,2,0,1,forbid_zone
presim,0,313,7,nav,vtx193,-2.2978,0.2942,0.21,2,2,135,2,0,1,forbid_zone
presim,0,313,7,nav,vtx195,1.3022,2.1022,0.21,2,2,135,2,0,1,forbid_zone
presim,0,313,7,nav,vtx197,2.3022,1.1262,0.21,2,2,135,2,0,1,forbid_zone
presim,0,313,7,nav,vtx199,1.0622,-3.3378,0.21,1,1,135,2,0,1,forbid_zone
presim,0,313,7,nav,vtx201,-0.1698,-3.2125,0.21,1,1,135,2,0,1,forbid_zone
presim,0,313,7,nav,vtx203,2.7022,1.3182,0.21,2,2,135,2,0,1,forbid_zone
presim,0,313,7,nav,vtx205,-8.8471,-8.6811,0.21,0,0,135,1,0,1,noop
presim,0,313,7,nav,vtx207,-9.5471,-8.6811,0.21,0,0,135,1,0,1,noop
presim,0,313,7,nav,vtx209,-10.2471,-8.6811,0.21,0,0,135,1,0,1,noop
presim,0,313,7,nav,vtx211,-10.9471,-8.6811,0.21,0,0,135,1,0,1,noop
presim,0,313,7,nav,vtx213,-11.6471,-8.6811,0.21,0,0,135,1,0,1,noop
presim,0,313,7,nav,vtx215,-12.3471,-8.6811,0.21,0,0,135,1,0,1,noop
presim,0,313,7,nav,vtx217,-13.0471,-8.6811,0.21,0,0,135,1,0,1,noop
presim,0,313,7,nav,vtx219,-13.7471,-8.6811,0.21,0,0,135,1,0,1,noop
presim,0,313,7,nav,vtx221,-14.4471,-8.6811,0.21,0,0,135,1,0,1,noop
presim,0,313,7,nav,vtx223,-15.1471,-8.6811,0.21,0,0,135,1,0,1,noop
presim,0,313,7,nav,vtx225,-15.8471,-8.6811,0.21,0,0,135,1,0,1,noop
presim,0,313,7,nav,vtx227,-16.5471,-8.6811,0.21,0,0,135,1,0,1,noop
presim,0,313,7,nav,vtx228,-3.4978,2.1022,0.21,0,0,135,2,0,1,noop
presim,0,313,7,nav,vtx229,1.3022,2.1022,0.21,2,2,135,2,0,1,forbid_zone
presim,0,313,7,nav,vtx230,-6.9766,3.66,0.21,0,0,135,3,0,1,noop
presim,0,313,7,nav,vtx231,-1.0978,2.1022,0.21,2,2,135,2,0,1,forbid_zone
presim,0,313,7,nav,vtx232,-1.7702,3.66,0.21,0,0,135,3,0,1,noop
presim,0,313,7,nav,vtx233,-2.2978,2.1022,0.21,2,2,135,2,0,1,forbid_zone
presim,0,313,7,nav,vtx234,-2.2978,2.1022,0.21,2,2,135,2,0,1,forbid_zone
presim,0,313,7,nav,vtx235,-3.4978,2.1022,0.21,0,0,135,2,0,1,noop
presim,0,313,7,nav,vtx236,2.6622,-3.0178,0.21,1,1,135,2,0,1,forbid_zone
presim,0,313,7,nav,vtx237,3.8406,-1.2303,0.21,1,1,135,3,0,1,forbid_zone
presim,0,313,7,nav,vtx238,2.3022,1.1262,0.21,2,2,135,2,0,1,forbid_zone
presim,0,313,7,nav,vtx239,2.7022,1.3182,0.21,2,2,135,2,0,1,forbid_zone
presim,0,313,7,nav,vtx240,3.4406,-1.4223,0.21,1,1,135,3,0,1,forbid_zone
presim,0,313,7,nav,vtx241,-2.2978,1.1742,0.21,2,2,135,2,0,1,forbid_zone
presim,0,313,7,nav,vtx242,2.6622,2.1822,0.21,2,2,135,2,0,1,forbid_zone
presim,0,313,7,nav,vtx243,2.5022,2.9822,0.21,0,0,135,2,0,1,noop
presim,0,313,7,nav,vtx244,-3.6978,1.1262,0.21,1,1,135,2,0,1,forbid_zone
presim,0,313,7,nav,vtx245,-3.2978,1.3182,0.21,2,2,135,2,0,1,forbid_zone
presim,0,313,7,nav,vtx246,10.0148,-1.2312,0.21,0,0,135,3,0,1,noop
presim,0,313,7,nav,vtx247,-2.2978,0.2942,0.21,2,2,135,2,0,1,forbid_zone
presim,0,313,7,nav,vtx248,-3.1475,-2.0198,0.21,1,1,135,4,0,1,forbid_zone
presim,0,313,7,nav,vtx249,6.3425,-0.8741,0.21,0,0,135,4,0,1,noop
presim,0,313,7,nav,vtx250,1.6222,-2.1378,0.21,2,2,135,2,0,1,forbid_zone
presim,0,313,7,nav,vtx251,0.9822,-2.4578,0.21,2,2,135,2,0,1,forbid_zone
presim,0,313,7,nav,vtx252,6.3265,-1.2421,0.21,0,0,135,4,0,1,noop
presim,0,313,7,nav,vtx253,-3.4978,0.3422,0.21,1,1,135,2,0,1,forbid_zone
presim,0,313,7,nav,vtx254,-3.4978,0.3422,0.21,1,1,135,2,0,1,forbid_zone
presim,0,313,7,nav,vtx255,-3.9475,-1.6998,0.21,1,1,135,3,0,1,forbid_zone
presim,0,313,7,nav,vtx256,2.6622,-3.0178,0.21,1,1,135,2,0,1,forbid_zone
presim,0,313,7,nav,vtx257,2.3422,-3.3378,0.21,1,1,135,2,0,1,forbid_zone
presim,0,313,7,nav,vtx258,-0.8258,-3.1432,0.21,1,1,135,2,0,1,forbid_zone
presim,0,313,7,nav,vtx259,-1.3698,-3.2125,0.21,1,1,135,2,0,1,forbid_zone
presim,0,313,7,nav,vtx260,-1.3378,-2.4578,0.21,2,2,135,2,0,1,forbid_zone
presim,0,313,7,nav,vtx261,-0.8578,-2.1378,0.21,2,2,135,2,0,1,forbid_zone
presim,0,313,7,nav,vtx262,-0.8578,-2.1378,0.21,2,2,135,2,0,1,forbid_zone
presim,0,313,7,nav,vtx263,-1.3378,-2.4578,0.21,2,2,135,2,0,1,forbid_zone
presim,0,313,7,nav,vtx264,1.0622,-3.3378,0.21,1,1,135,2,0,1,forbid_zone
presim,0,313,7,nav,vtx265,1.5422,-3.0178,0.21,1,1,135,2,0,1,forbid_zone
presim,0,313,7,nav,vtx266,0.9822,-2.4578,0.21,2,2,135,2,0,1,forbid_zone
presim,0,313,7,nav,vtx267,9.6148,-1.4232,0.21,0,0,135,3,0,1,noop
presim,0,313,7,nav,vtx268,3.4406,-1.4223,0.21,1,1,135,3,0,1,forbid_zone
presim,0,313,7,nav,vtx269,3.8406,-1.2303,0.21,1,1,135,3,0,1,forbid_zone
presim,0,313,7,nav,vtx270,0.1022,2.9822,0.21,2,2,135,2,0,1,forbid_zone
presim,0,313,7,nav,vtx271,1.3022,2.9822,0.21,2,2,135,2,0,1,forbid_zone
presim,0,313,7,nav,vtx272,10.0148,-1.2312,0.21,0,0,135,3,0,1,noop
presim,0,313,7,nav,vtx273,9.6148,-1.4232,0.21,0,0,135,3,0,1,noop
presim,0,313,7,nav,vtx274,2.3422,-3.3378,0.21,1,1,135,2,0,1,forbid_zone
presim,0,313,7,nav,vtx275,1.6222,-2.1378,0.21,2,2,135,2,0,1,forbid_zone
presim,0,313,7,nav,vtx276,-0.1698,-3.2125,0.21,1,1,135,2,0,1,forbid_zone
presim,0,313,7,nav,vtx277,0.3742,-3.1432,0.21,1,1,135,2,0,1,forbid_zone
presim,0,313,7,nav,vtx278,-3.6978,1.1262,0.21,1,1,135,2,0,1,forbid_zone
presim,0,313,7,nav,vtx279,-6.9766,3.66,0.21,0,0,135,3,0,1,noop
presim,0,313,7,nav,vtx280,-3.2978,1.3182,0.21,2,2,135,2,0,1,forbid_zone
presim,0,313,7,nav,vtx281,-1.7702,3.66,0.21,0,0,135,3,0,1,noop
presim,0,313,7,nav,vtx282,-4.0694,3.6399,0.21,0,0,135,3,0,1,noop
presim,0,313,7,nav,vtx283,-4.6774,3.3569,0.21,0,0,135,3,0,1,noop
presim,0,313,7,nav,vtx284,-0.8258,-3.1432,0.21,1,1,135,2,0,1,forbid_zone
presim,0,313,7,nav,vtx285,-1.3698,-3.2125,0.21,1,1,135,2,0,1,forbid_zone
presim,0,313,7,nav,vtx286,-17.2471,-8.6811,0.21,0,0,135,1,0,1,noop
presim,0,313,7,nav,vtx287,0.1022,2.9822,0.21,2,2,135,2,0,1,forbid_zone
presim,0,313,7,nav,vtx288,-17.9471,-8.6811,0.21,0,0,135,1,0,1,noop
presim,0,313,7,nav,vtx289,1.3022,2.9822,0.21,2,2,135,2,0,1,forbid_zone
presim,0,313,7,nav,vtx290,-18.6471,-8.6811,0.21,0,0,135,1,0,1,noop
presim,0,313,7,nav,vtx291,2.5022,2.9822,0.21,0,0,135,2,0,1,noop
presim,0,313,7,nav,vtx292,-19.3471,-8.6811,0.21,0,0,135,1,0,1,noop
presim,0,313,7,nav,vtx293,-20.0471,-8.6811,0.21,0,0,135,1,0,1,noop
presim,0,313,7,nav,vtx294,2.6622,2.1822,0.21,2,2,135,2,0,1,forbid_zone
presim,0,313,7,nav,vtx295,2.3422,1.8622,0.21,2,2,135,2,0,1,forbid_zone
presim,0,313,7,nav,vtx296,-20.7471,-8.6811,0.21,0,0,135,1,0,1,noop
presim,0,313,7,nav,vtx297,-1.0978,2.9822,0.21,2,2,135,2,0,1,forbid_zone
presim,0,313,7,nav,vtx298,-1.0978,2.9822,0.21,2,2,135,2,0,1,forbid_zone
presim,0,313,7,nav,vtx299,2.3422,1.8622,0.21,2,2,135,2,0,1,forbid_zone
presim,0,313,7,nav,vtx300,-4.0694,3.6399,0.21,0,0,135,3,0,1,noop
presim,0,313,7,nav,vtx301,-4.6774,3.3569,0.21,0,0,135,3,0,1,noop
presim,0,313,7,nav,vtx302,-21.4471,-8.6811,0.21,0,0,135,1,0,1,noop
presim,0,313,7,nav,vtx303,-22.1471,-8.6811,0.21,0,0,135,1,0,1,noop
presim,0,313,7,nav,vtx304,-22.8471,-8.6811,0.21,0,0,135,1,0,1,noop
presim,0,313,7,nav,vtx305,-23.5471,-8.6811,0.21,0,0,135,1,0,1,noop
presim,0,313,7,nav,vtx306,6.3265,-1.2421,0.21,0,0,135,4,0,1,noop
presim,0,313,7,nav,vtx307,6.3425,-0.8741,0.21,0,0,135,4,0,1,noop
presim,0,313,7,nav,vtx308,7.1105,-1.2741,0.21,0,0,135,4,0,1,noop
presim,0,313,7,nav,vtx309,7.1265,-0.9061,0.21,0,0,135,4,0,1,noop
presim,0,313,7,nav,vtx310,7.1105,-1.2741,0.21,0,0,135,4,0,1,noop
presim,0,313,7,nav,vtx311,7.1265,-0.9061,0.21,0,0,135,4,0,1,noop
presim,0,313,7,nav,vtx312,-3.9475,-1.6998,0.21,1,1,135,3,0,1,forbid_zone
presim,0,313,7,nav,vtx313,-3.1475,-2.0198,0.21,1,1,135,4,0,1,forbid_zone
