action,rollout,hz_seed,complete,closed,total,makespan,cost,hz_break,hz_cell,hz_zone,hz_pending,hz_capped,hz_sim_s,agent
12,1,3001,true,291,313,27.1000,27.1000,0,0,0,0,false,27.07,ConstructionBots.BotID{ConstructionBots.DeliveryBot}(4)
12,2,3002,false,260,313,-1.0000,15300.0000,2,4,0,3,false,172.83,ConstructionBots.BotID{ConstructionBots.DeliveryBot}(4)
12,3,3003,true,291,313,20.8000,20.8000,0,0,0,0,false,20.77,ConstructionBots.BotID{ConstructionBots.DeliveryBot}(4)
12,4,3004,true,291,313,24.0500,24.0500,0,1,0,0,false,24.02,ConstructionBots.BotID{ConstructionBots.DeliveryBot}(4)
20,1,3001,true,291,313,55.5500,55.5500,1,1,0,0,false,55.52,ConstructionBots.BotID{ConstructionBots.DeliveryBot}(4)
20,2,3002,false,228,313,-1.0000,18500.0000,3,2,0,2,false,169.30,ConstructionBots.BotID{ConstructionBots.DeliveryBot}(4)
20,3,3003,true,291,313,20.8250,20.8250,0,0,0,0,false,20.80,ConstructionBots.BotID{ConstructionBots.DeliveryBot}(4)
20,4,3004,false,228,313,-1.0000,18500.0000,3,5,0,3,false,169.30,ConstructionBots.BotID{ConstructionBots.DeliveryBot}(4)
21,1,3001,true,291,313,20.8250,20.8250,0,0,0,0,false,20.80,ConstructionBots.BotID{ConstructionBots.DeliveryBot}(4)
21,2,3002,false,228,313,-1.0000,18500.0000,3,2,0,2,false,169.30,ConstructionBots.BotID{ConstructionBots.DeliveryBot}(4)
21,3,3003,true,291,313,20.8250,20.8250,0,0,0,0,false,20.80,ConstructionBots.BotID{ConstructionBots.DeliveryBot}(4)
21,4,3004,false,228,313,-1.0000,18500.0000,3,5,0,3,false,169.30,ConstructionBots.BotID{ConstructionBots.DeliveryBot}(4)
22,1,3001,true,291,313,20.8250,20.8250,0,0,0,0,false,20.80,ConstructionBots.BotID{ConstructionBots.DeliveryBot}(4)
22,2,3002,false,228,313,-1.0000,18500.0000,3,2,0,2,false,169.30,ConstructionBots.BotID{ConstructionBots.DeliveryBot}(4)
22,3,3003,true,291,313,20.8250,20.8250,0,0,0,0,false,20.80,ConstructionBots.BotID{ConstructionBots.DeliveryBot}(4)
22,4,3004,false,228,313,-1.0000,18500.0000,3,5,0,3,false,169.30,ConstructionBots.BotID{ConstructionBots.DeliveryBot}(4)
