router__all3__s2,0,342
router__all3__s1,1,361
router__all3__s3,0,363
router__all3__s6,1,377
router__all3__s5,1,392
router__all3__s8,0,408
router__all3__s7,0,426
router__all3__s4,1,433
router__all3__s12,0,346
router__all3__s11,1,377
router__all3__s13,0,354
router__all3__s9,0,423
router__all3__s16,0,333
router__all3__s14,0,381
router__all3__s15,0,370
router__all3__s10,1,438
router__all3__s17,0,383
router__all3__s18,1,372
router__all3__s19,1,403
router__all3__s24,1,371
router__all3__s21,1,420
router__all3__s23,1,399
router__all3__s20,1,473
router__all3__s22,1,450
router__all3__s26,0,405
router__zone__s2,0,324
router__all3__s29,0,398
router__all3__s25,0,486
router__all3__s28,1,441
router__all3__s27,0,474
router__zone__s1,1,390
router__all3__s30,1,483
router__zone__s3,0,400
router__zone__s6,1,360
router__zone__s4,1,400
router__zone__s5,1,386
router__zone__s8,1,367
router__zone__s7,0,382
router__zone__s9,0,403
router__zone__s10,1,382
router__zone__s13,0,297
router__zone__s12,0,312
router__zone__s11,1,349
router__zone__s16,0,293
router__zone__s15,0,311
router__zone__s14,0,345
router__zone__s17,0,360
router__zone__s18,1,378
router__zone__s21,1,350
router__zone__s20,1,378
router__zone__s19,1,385
router__zone__s24,1,330
router__zone__s22,1,388
router__zone__s23,1,376
router__zone__s26,0,290
router__zone__s25,0,338
router__battery__s1,0,265
router__zone__s29,0,310
router__battery__s2,0,280
router__zone__s27,0,369
router__battery__s4,0,258
router__battery__s3,0,265
router__zone__s28,1,356
router__zone__s30,1,355
router__battery__s5,0,239
router__battery__s6,0,246
router__battery__s9,0,239
router__battery__s8,0,248
router__battery__s10,0,240
router__battery__s7,0,278
router__battery__s11,0,250
router__battery__s12,0,282
router__battery__s13,0,266
router__battery__s15,0,264
router__battery__s16,0,268
router__battery__s14,0,304
router__battery__s17,0,274
router__battery__s18,0,277
router__battery__s19,0,266
router__battery__s20,0,258
router__battery__s21,0,258
router__battery__s25,0,258
router__battery__s22,0,276
router__battery__s24,0,273
router__battery__s27,0,271
router__battery__s23,0,287
router__battery__s26,0,284
router__battery__s28,0,265
router__battery__s29,0,236
router__battery__s30,0,219
router__fault__s1,0,218
router__fault__s3,0,213
router__fault__s4,0,217
router__fault__s2,0,233
router__fault__s5,0,218
router__fault__s6,0,214
router__fault__s7,0,207
router__fault__s9,0,201
router__fault__s8,0,205
router__fault__s10,0,205
router__fault__s13,0,202
router__fault__s12,0,207
router__fault__s11,0,213
router__fault__s14,0,203
router__fault__s15,0,207
router__fault__s16,0,205
router__fault__s17,0,216
router__fault__s18,0,204
router__fault__s19,0,203
router__fault__s20,0,204
router__fault__s21,0,206
router__fault__s22,0,209
router__fault__s23,0,206
router__fault__s24,0,205
router__fault__s26,0,202
router__fault__s25,0,210
router__fault__s27,0,203
router__fault__s29,0,203
router__fault__s30,0,205
router__fault__s28,0,241
