router__zone__s4,0,249
router__zone__s1,0,259
router__zone__s2,0,266
router__zone__s3,0,313
router__all3__s8,0,245
router__all3__s3,0,254
router__all3__s4,0,271
router__all3__s6,0,275
router__all3__s7,0,277
router__all3__s5,0,285
router__all3__s1,0,313
router__all3__s2,0,318
router__all3__s10,0,280
router__all3__s11,0,292
router__all3__s9,0,321
router__all3__s12,0,295
router__all3__s16,0,259
router__all3__s15,0,290
router__all3__s14,0,330
router__all3__s13,0,338
router__all3__s17,0,243
router__all3__s19,0,267
router__all3__s18,0,275
router__all3__s20,0,271
router__all3__s21,0,282
router__all3__s22,0,282
router__all3__s23,0,275
router__all3__s24,0,288
router__all3__s25,0,274
router__all3__s28,0,283
router__all3__s29,0,273
router__zone__s5,0,249
router__all3__s27,0,301
router__zone__s6,0,290
router__all3__s26,0,378
router__all3__s30,0,339
router__zone__s7,0,248
router__zone__s8,0,242
router__zone__s10,0,232
router__zone__s11,0,254
router__zone__s9,0,269
router__zone__s13,0,227
router__zone__s15,0,227
router__zone__s14,0,305
router__zone__s12,1,355
router__zone__s16,0,234
router__zone__s17,0,257
router__zone__s18,0,263
router__zone__s19,0,300
router__zone__s23,0,218
router__zone__s20,1,338
router__zone__s26,0,182
router__zone__s22,0,326
router__zone__s25,0,236
router__zone__s24,0,280
router__zone__s27,0,252
router__zone__s29,0,239
router__zone__s28,0,320
router__zone__s30,0,289
router__zone__s21,0,779
