router__zone__s3,1,279
router__zone__s4,1,292
router__zone__s2,1,296
router__zone__s1,1,311
router__all3__s3,1,318
router__all3__s5,1,321
router__all3__s7,1,325
router__all3__s8,1,331
router__all3__s1,1,335
router__all3__s4,1,341
router__all3__s2,1,343
router__all3__s6,1,361
router__all3__s11,1,329
router__all3__s15,1,331
router__all3__s9,1,362
router__all3__s12,1,350
router__all3__s16,1,335
router__all3__s14,0,363
router__all3__s13,1,411
router__all3__s21,1,318
router__all3__s18,1,339
router__all3__s17,1,359
router__all3__s19,1,336
router__all3__s20,1,350
router__all3__s23,1,324
router__all3__s22,1,382
router__all3__s26,0,208
router__all3__s27,1,335
router__all3__s28,1,320
router__all3__s25,1,348
router__all3__s24,1,351
router__all3__s30,0,325
router__all3__s29,1,385
router__zone__s5,1,333
router__zone__s7,1,274
router__zone__s6,1,286
router__zone__s9,1,277
router__zone__s8,1,289
router__zone__s10,1,323
router__zone__s11,1,317
router__zone__s12,1,296
router__zone__s13,1,328
router__zone__s14,0,321
router__zone__s16,1,315
router__all3__s10,1,1651
router__zone__s17,1,316
router__zone__s18,1,323
router__zone__s19,1,320
router__zone__s20,1,293
router__zone__s22,1,334
router__zone__s21,1,345
router__zone__s23,1,336
router__zone__s24,1,276
router__zone__s25,1,300
router__zone__s26,0,280
router__zone__s27,1,301
router__zone__s28,1,289
router__zone__s30,0,293
router__zone__s29,1,311
router__zone__s15,1,1249
