router__all3__s1,0,293
router__all3__s4,0,321
router__all3__s6,0,355
router__all3__s8,0,364
router__all3__s2,0,370
router__all3__s7,0,383
router__all3__s5,0,384
router__all3__s3,0,394
router__all3__s9,0,346
router__all3__s10,0,345
router__all3__s13,0,332
router__all3__s11,1,370
router__all3__s16,0,357
router__all3__s15,0,375
router__all3__s14,0,437
router__all3__s12,0,511
router__all3__s17,0,368
router__all3__s18,0,342
router__all3__s20,0,321
router__all3__s19,0,360
router__all3__s22,0,340
router__all3__s21,0,378
router__all3__s23,0,375
router__all3__s24,0,352
router__all3__s25,0,304
router__all3__s27,0,270
router__all3__s26,0,340
router__all3__s28,0,346
router__all3__s29,0,319
router__all3__s30,0,354
router__zone__s1,0,316
router__zone__s2,0,325
router__zone__s4,0,291
router__zone__s3,0,342
router__zone__s5,0,307
router__zone__s6,0,302
router__zone__s7,0,319
router__zone__s8,0,312
router__zone__s9,0,344
router__zone__s10,0,305
router__zone__s13,0,312
router__zone__s11,1,391
router__zone__s15,0,326
router__zone__s12,0,431
router__zone__s16,0,316
router__zone__s14,0,403
router__zone__s17,0,305
router__zone__s18,0,312
router__zone__s19,0,344
router__zone__s20,0,321
router__zone__s21,0,318
router__zone__s22,0,312
router__zone__s24,0,302
router__zone__s23,0,310
router__zone__s26,0,287
router__zone__s25,0,321
router__zone__s28,0,292
router__zone__s29,0,303
router__zone__s30,0,293
router__zone__s27,0,390
