router__all3__s2,0,246
router__all3__s1,0,250
router__all3__s4,1,270
router__all3__s7,1,271
router__all3__s5,1,272
router__all3__s8,0,287
router__all3__s6,1,292
router__all3__s3,1,330
router__all3__s10,1,295
router__all3__s11,1,289
router__all3__s14,0,295
router__all3__s12,1,318
router__all3__s13,1,317
router__all3__s15,1,300
router__all3__s16,0,275
router__all3__s9,0,365
router__all3__s17,1,320
router__all3__s18,1,328
router__all3__s23,0,300
router__all3__s21,1,321
router__all3__s24,1,317
router__all3__s19,1,348
router__all3__s22,1,367
router__all3__s20,1,380
router__all3__s26,0,298
router__all3__s25,1,325
router__zone__s2,0,234
router__zone__s1,0,246
router__all3__s27,1,307
router__all3__s28,1,343
router__all3__s30,0,327
router__all3__s29,0,360
router__zone__s4,1,265
router__zone__s3,1,290
router__zone__s7,1,269
router__zone__s5,1,295
router__zone__s8,0,246
router__zone__s6,1,307
router__zone__s9,0,291
router__zone__s10,1,308
router__zone__s11,1,279
router__zone__s16,0,256
router__zone__s12,1,292
router__zone__s13,1,302
router__zone__s14,0,297
router__zone__s15,1,297
router__zone__s17,1,283
router__zone__s18,1,297
router__zone__s19,1,305
router__zone__s23,0,247
router__zone__s21,1,274
router__zone__s20,1,292
router__zone__s24,1,270
router__zone__s22,1,315
router__zone__s25,1,288
router__zone__s26,0,245
router__battery__s1,0,230
router__zone__s29,0,261
router__zone__s27,1,264
router__zone__s28,1,269
router__zone__s30,0,265
router__battery__s2,0,228
router__battery__s3,0,228
router__battery__s4,0,235
router__battery__s6,0,214
router__battery__s5,0,224
router__battery__s9,0,207
router__battery__s7,0,229
router__battery__s8,0,231
router__battery__s10,0,233
router__battery__s11,0,241
router__battery__s12,0,228
router__battery__s13,0,214
router__battery__s14,0,215
router__battery__s15,0,216
router__battery__s17,0,216
router__battery__s16,0,235
router__battery__s18,0,214
router__battery__s19,0,224
router__battery__s20,0,218
router__battery__s22,0,221
router__battery__s21,0,234
router__battery__s23,0,222
router__battery__s24,0,217
router__battery__s26,0,220
router__battery__s25,0,233
router__battery__s27,0,209
router__battery__s28,0,211
router__battery__s29,0,190
router__fault__s2,0,191
router__fault__s1,0,200
router__battery__s30,0,211
router__fault__s4,0,186
router__fault__s3,0,224
router__fault__s5,0,203
router__fault__s6,0,229
router__fault__s7,0,211
router__fault__s8,0,206
router__fault__s9,0,225
router__fault__s11,0,209
router__fault__s10,0,225
router__fault__s12,0,202
router__fault__s13,0,214
router__fault__s14,0,218
router__fault__s16,0,212
router__fault__s15,0,235
router__fault__s18,0,210
router__fault__s17,0,217
router__fault__s19,0,219
router__fault__s20,0,233
router__fault__s21,0,230
router__fault__s22,0,224
router__fault__s24,0,203
router__fault__s23,0,227
router__fault__s25,0,216
router__fault__s26,0,215
router__fault__s27,0,207
router__fault__s28,0,205
router__fault__s29,0,204
router__fault__s30,0,202
