router__all3__s6,1,412
router__all3__s3,1,416
router__all3__s7,1,439
router__all3__s1,1,447
router__all3__s2,1,453
router__all3__s8,1,466
router__all3__s4,1,468
router__all3__s5,1,501
router__all3__s9,0,259
router__all3__s14,0,349
router__all3__s12,0,401
router__all3__s13,1,414
router__all3__s11,1,431
router__all3__s15,1,413
router__all3__s16,1,429
router__all3__s17,1,442
router__all3__s18,1,478
router__all3__s20,1,451
router__all3__s19,1,482
router__all3__s23,1,435
router__all3__s22,1,486
router__all3__s21,1,519
router__all3__s24,1,407
router__all3__s27,0,267
router__all3__s25,1,414
router__all3__s26,1,450
router__all3__s28,1,413
router__all3__s30,1,423
router__all3__s29,1,477
router__zone__s1,1,405
router__zone__s2,1,409
router__zone__s5,1,373
router__zone__s3,1,450
router__zone__s4,1,408
router__zone__s6,1,406
router__zone__s7,1,410
router__zone__s9,0,341
router__zone__s8,1,452
router__zone__s12,0,237
router__zone__s11,1,354
router__zone__s10,1,420
router__zone__s14,0,341
router__zone__s13,1,406
router__zone__s15,1,396
router__zone__s16,1,387
router__zone__s17,1,397
router__zone__s18,1,382
router__zone__s19,1,357
router__zone__s20,1,370
router__zone__s21,1,401
router__zone__s22,1,390
router__zone__s23,1,385
router__zone__s27,0,211
router__zone__s25,1,361
router__zone__s26,1,428
router__zone__s28,1,397
router__zone__s30,1,392
router__zone__s29,1,458
router__all3__s10,124,3600
router__zone__s24,124,3600
