case,controller,n,n_complete,success,success_lo,success_hi,decision_acc,n_scored,sim_seconds,energy_per_closed,min_soc
battery,oracle,3,3,1.0000,0.4385,1.0000,,0,19.467,267.020,0.6287
battery,canonical,2,2,1.0000,0.3424,1.0000,0.0000,8,32.188,482.940,0.9612
battery,surrogate,2,2,1.0000,0.3424,1.0000,0.0000,8,32.188,482.940,0.9612
battery,dspy,2,2,1.0000,0.3424,1.0000,1.0000,8,20.050,273.698,0.9724
fault,oracle,1,0,0.0000,0.0000,0.7935,,0,,,
fault,canonical,2,2,1.0000,0.3424,1.0000,1.0000,8,32.188,482.940,0.9612
fault,surrogate,2,2,1.0000,0.3424,1.0000,1.0000,8,31.800,472.610,0.9616
fault,dspy,2,2,1.0000,0.3424,1.0000,1.0000,8,31.800,472.610,0.9616
zone,oracle,1,1,1.0000,0.2065,1.0000,,0,20.050,,
zone,canonical,2,2,1.0000,0.3424,1.0000,0.0000,8,61.088,517.208,0.9366
zone,surrogate,2,2,1.0000,0.3424,1.0000,1.0000,8,37.638,475.519,0.9523
zone,dspy,2,2,1.0000,0.3424,1.0000,1.0000,8,37.638,475.519,0.9523
fault_battery,oracle,0,0,,,,,0,,,
fault_battery,canonical,2,2,1.0000,0.3424,1.0000,0.5000,8,31.800,472.610,0.9616
fault_battery,surrogate,2,2,1.0000,0.3424,1.0000,0.5000,8,31.800,472.610,0.9616
fault_battery,dspy,2,2,1.0000,0.3424,1.0000,1.0000,8,26.475,368.806,0.9677
fault_zone,oracle,0,0,,,,,0,,,
fault_zone,canonical,2,2,1.0000,0.3424,1.0000,0.5000,8,74.050,783.734,0.9170
fault_zone,surrogate,2,1,0.5000,0.0945,0.9055,1.0000,7,37.300,485.980,0.9544
fault_zone,dspy,2,2,1.0000,0.3424,1.0000,0.7500,8,53.188,587.615,0.9355
battery_zone,oracle,0,0,,,,,0,,,
battery_zone,canonical,2,2,1.0000,0.3424,1.0000,0.0000,8,74.050,783.734,0.9170
battery_zone,surrogate,2,1,0.5000,0.0945,0.9055,0.5714,7,37.300,485.980,0.9544
battery_zone,dspy,2,2,1.0000,0.3424,1.0000,0.8750,8,45.863,466.248,0.9500
all,oracle,0,0,,,,,0,,,
all,canonical,2,2,1.0000,0.3424,1.0000,0.2500,8,73.812,824.647,0.9109
all,surrogate,2,2,1.0000,0.3424,1.0000,0.6250,8,29.925,452.021,0.9597
all,dspy,2,2,1.0000,0.3424,1.0000,1.0000,8,34.338,422.906,0.9580
