canonical__battery__s2,0,136
router__battery__s2,0,145
surrogate__battery__s2,0,146
canonical__all3__s14,0,177
canonical__all3__s4,1,201
canonical__all3__s7,1,202
canonical__all3__s11,1,203
canonical__all3__s5,1,205
canonical__all3__s3,1,208
canonical__all3__s1,1,212
canonical__all3__s8,1,217
canonical__all3__s12,1,217
canonical__all3__s15,1,219
canonical__all3__s2,1,220
canonical__all3__s6,1,220
canonical__all3__s16,1,224
canonical__all3__s10,1,225
canonical__all3__s13,1,226
canonical__all3__s9,0,233
canonical__all3__s26,0,178
canonical__all3__s17,1,223
canonical__all3__s21,1,212
canonical__all3__s27,1,202
canonical__all3__s30,0,197
canonical__all3__s18,1,222
canonical__all3__s23,1,214
canonical__all3__s28,1,206
canonical__all3__s24,1,210
canonical__all3__s19,1,227
canonical__all3__s29,0,207
canonical__all3__s25,1,216
canonical__all3__s20,1,234
canonical__all3__s22,1,233
surrogate__all3__s1,1,226
surrogate__all3__s2,1,236
surrogate__all3__s3,1,220
surrogate__all3__s14,0,190
surrogate__all3__s4,1,223
surrogate__all3__s5,1,217
surrogate__all3__s7,1,213
surrogate__all3__s11,1,215
surrogate__all3__s8,1,225
surrogate__all3__s6,1,229
surrogate__all3__s12,1,229
surrogate__all3__s10,1,237
surrogate__all3__s15,1,229
surrogate__all3__s9,0,241
surrogate__all3__s13,1,239
surrogate__all3__s16,1,239
surrogate__all3__s17,1,233
surrogate__all3__s18,1,235
surrogate__all3__s26,0,186
surrogate__all3__s21,1,227
surrogate__all3__s19,1,240
surrogate__all3__s23,1,222
surrogate__all3__s24,1,223
surrogate__all3__s20,1,247
surrogate__all3__s27,1,214
surrogate__all3__s25,1,227
surrogate__all3__s28,1,219
surrogate__all3__s22,1,248
surrogate__all3__s29,0,216
surrogate__all3__s30,0,215
router__all3__s2,0,286
router__all3__s1,1,304
router__all3__s3,1,292
router__all3__s4,0,286
router__all3__s5,0,251
router__all3__s7,0,252
router__all3__s9,0,261
router__all3__s8,0,269
router__all3__s6,0,286
router__all3__s15,0,262
router__all3__s12,0,272
router__all3__s10,0,290
router__all3__s13,0,280
router__all3__s16,0,291
router__all3__s11,1,319
router__all3__s14,0,318
router__all3__s18,0,259
router__all3__s17,0,270
router__all3__s19,0,263
router__all3__s20,1,300
canonical__battery__s1,0,152
canonical__battery__s3,0,151
router__all3__s21,0,277
canonical__battery__s4,0,155
router__all3__s25,0,253
router__all3__s22,0,282
canonical__battery__s6,0,153
canonical__battery__s5,0,159
router__all3__s27,0,259
router__all3__s24,1,282
router__all3__s29,0,260
router__all3__s23,1,296
router__all3__s28,0,263
router__all3__s26,0,283
canonical__battery__s7,0,153
canonical__battery__s8,0,158
router__all3__s30,0,330
canonical__battery__s9,0,154
canonical__battery__s10,0,157
canonical__battery__s11,0,155
canonical__battery__s12,0,157
canonical__battery__s13,0,156
canonical__battery__s14,0,156
canonical__battery__s15,0,156
canonical__battery__s16,0,155
canonical__battery__s17,0,155
canonical__battery__s19,0,155
canonical__battery__s18,0,155
canonical__battery__s20,0,156
canonical__battery__s21,0,156
canonical__battery__s22,0,156
canonical__battery__s23,0,156
canonical__battery__s24,0,155
canonical__battery__s25,0,163
canonical__battery__s26,0,156
canonical__battery__s27,0,155
canonical__battery__s28,0,156
canonical__battery__s29,0,155
canonical__battery__s30,0,157
surrogate__battery__s1,0,161
surrogate__battery__s3,0,162
surrogate__battery__s4,0,163
surrogate__battery__s5,0,164
surrogate__battery__s6,0,166
surrogate__battery__s7,0,165
surrogate__battery__s8,0,163
surrogate__battery__s9,0,167
surrogate__battery__s10,0,164
surrogate__battery__s11,0,164
surrogate__battery__s12,0,164
surrogate__battery__s13,0,166
surrogate__battery__s14,0,163
surrogate__battery__s15,0,165
surrogate__battery__s17,0,164
surrogate__battery__s16,0,172
surrogate__battery__s18,0,165
surrogate__battery__s19,0,163
surrogate__battery__s20,0,162
surrogate__battery__s22,0,163
surrogate__battery__s21,0,166
surrogate__battery__s24,0,163
surrogate__battery__s23,0,165
surrogate__battery__s25,0,163
surrogate__battery__s26,0,164
surrogate__battery__s27,0,165
surrogate__battery__s28,0,164
surrogate__battery__s29,0,163
surrogate__battery__s30,0,165
router__battery__s1,0,165
router__battery__s3,0,162
router__battery__s4,0,164
router__battery__s5,0,164
router__battery__s6,0,163
router__battery__s7,0,163
router__battery__s8,0,164
router__battery__s9,0,165
router__battery__s11,0,164
router__battery__s10,0,165
router__battery__s12,0,171
router__battery__s13,0,162
router__battery__s14,0,164
router__battery__s15,0,164
router__battery__s16,0,165
router__battery__s17,0,164
router__battery__s19,0,164
router__battery__s18,0,167
router__battery__s20,0,164
router__battery__s21,0,164
router__battery__s22,0,163
router__battery__s23,0,163
router__battery__s24,0,166
router__battery__s25,0,164
router__battery__s26,0,164
router__battery__s27,0,168
router__battery__s28,0,171
router__battery__s29,0,165
router__battery__s30,0,163
canonical__fault__s1,0,155
canonical__fault__s2,0,153
canonical__fault__s4,0,156
canonical__fault__s5,0,155
canonical__fault__s6,0,154
canonical__fault__s7,0,155
canonical__fault__s8,0,154
canonical__fault__s3,0,176
canonical__fault__s9,0,158
canonical__fault__s10,0,151
canonical__fault__s12,0,151
canonical__fault__s11,0,154
canonical__fault__s13,0,155
canonical__fault__s14,0,155
canonical__fault__s15,0,151
canonical__fault__s16,0,154
canonical__fault__s17,0,155
canonical__fault__s18,0,153
canonical__fault__s19,0,155
canonical__fault__s22,0,153
canonical__fault__s21,0,160
canonical__fault__s23,0,151
canonical__fault__s24,0,151
canonical__fault__s25,0,154
canonical__fault__s20,0,181
canonical__fault__s26,0,153
canonical__fault__s27,0,154
canonical__fault__s28,0,155
canonical__fault__s29,0,157
canonical__fault__s30,0,153
surrogate__fault__s2,0,159
surrogate__fault__s1,0,164
surrogate__fault__s4,0,167
surrogate__fault__s3,0,184
surrogate__fault__s5,0,161
surrogate__fault__s6,0,163
surrogate__fault__s8,0,163
surrogate__fault__s7,0,164
surrogate__fault__s9,0,166
surrogate__fault__s10,0,165
surrogate__fault__s11,0,162
surrogate__fault__s12,0,161
surrogate__fault__s13,0,160
surrogate__fault__s14,0,161
surrogate__fault__s15,0,162
surrogate__fault__s16,0,164
surrogate__fault__s17,0,163
surrogate__fault__s18,0,163
surrogate__fault__s19,0,162
surrogate__fault__s22,0,161
surrogate__fault__s20,0,183
surrogate__fault__s23,0,162
surrogate__fault__s24,0,164
surrogate__fault__s25,0,161
surrogate__fault__s21,0,177
surrogate__fault__s26,0,159
surrogate__fault__s27,0,162
surrogate__fault__s29,0,162
surrogate__fault__s28,0,164
surrogate__fault__s30,0,162
router__fault__s1,0,163
router__fault__s2,0,163
router__fault__s4,0,164
router__fault__s5,0,160
router__fault__s3,0,185
router__fault__s6,0,161
router__fault__s7,0,163
router__fault__s8,0,163
router__fault__s10,0,163
router__fault__s11,0,163
router__fault__s12,0,160
router__fault__s9,0,167
router__fault__s13,0,163
router__fault__s15,0,161
router__fault__s14,0,162
router__fault__s16,0,168
router__fault__s17,0,163
router__fault__s18,0,162
router__fault__s19,0,162
router__fault__s21,0,165
router__fault__s20,0,180
router__fault__s22,0,159
router__fault__s24,0,157
router__fault__s23,0,163
router__fault__s25,0,157
router__fault__s26,0,157
router__fault__s27,0,159
router__fault__s28,0,160
router__fault__s29,0,157
router__fault__s30,0,155
