canonical__all3__s3,1,322
canonical__all3__s1,1,336
canonical__all3__s4,1,341
canonical__all3__s5,1,344
canonical__all3__s7,0,353
canonical__all3__s2,1,354
canonical__all3__s8,0,371
canonical__all3__s6,1,440
canonical__all3__s9,0,276
canonical__all3__s12,0,288
canonical__all3__s14,0,293
canonical__all3__s11,1,346
canonical__all3__s13,1,337
canonical__all3__s10,1,387
canonical__all3__s15,1,377
canonical__all3__s16,1,372
canonical__all3__s17,0,365
canonical__all3__s19,1,331
canonical__all3__s18,1,352
canonical__all3__s21,1,334
canonical__all3__s20,1,361
canonical__all3__s22,1,346
canonical__all3__s23,1,347
canonical__all3__s24,1,341
canonical__all3__s27,0,309
canonical__all3__s25,0,394
canonical__all3__s26,1,385
canonical__all3__s28,1,376
canonical__all3__s29,1,395
canonical__all3__s30,1,382
surrogate__all3__s1,1,405
surrogate__all3__s2,1,441
surrogate__all3__s3,1,431
surrogate__all3__s5,1,407
surrogate__all3__s4,1,437
surrogate__all3__s6,1,408
surrogate__all3__s9,0,334
surrogate__all3__s7,0,436
surrogate__all3__s8,0,489
surrogate__all3__s10,1,402
surrogate__all3__s12,0,332
surrogate__all3__s11,1,398
surrogate__all3__s14,0,332
surrogate__all3__s13,1,394
surrogate__all3__s15,1,409
surrogate__all3__s16,1,424
surrogate__all3__s17,0,437
surrogate__all3__s18,1,408
surrogate__all3__s19,1,383
surrogate__all3__s20,1,433
surrogate__all3__s21,1,430
surrogate__all3__s22,1,433
surrogate__all3__s23,1,390
surrogate__all3__s24,1,374
surrogate__all3__s25,0,423
surrogate__all3__s26,1,398
surrogate__all3__s27,0,344
surrogate__all3__s28,1,372
surrogate__all3__s29,1,395
canonical__zone__s1,1,338
surrogate__all3__s30,1,398
canonical__zone__s2,1,352
canonical__zone__s4,1,320
canonical__zone__s5,1,297
canonical__zone__s3,1,354
canonical__zone__s6,1,300
canonical__zone__s9,0,257
canonical__zone__s8,1,307
canonical__zone__s7,0,344
canonical__zone__s10,1,331
canonical__zone__s12,0,243
canonical__zone__s11,1,324
canonical__zone__s13,1,326
canonical__zone__s14,0,267
canonical__zone__s15,1,336
canonical__zone__s17,0,319
canonical__zone__s16,1,351
canonical__zone__s19,1,313
canonical__zone__s18,1,351
canonical__zone__s20,1,369
canonical__zone__s21,1,337
canonical__zone__s22,1,333
canonical__zone__s23,1,285
canonical__zone__s25,0,297
canonical__zone__s24,1,300
canonical__zone__s27,0,225
canonical__zone__s26,1,287
canonical__zone__s28,1,255
canonical__zone__s29,1,262
canonical__zone__s30,1,262
surrogate__zone__s1,1,269
surrogate__zone__s3,1,272
surrogate__zone__s2,1,294
surrogate__zone__s4,1,298
surrogate__zone__s5,1,264
surrogate__zone__s6,1,264
surrogate__zone__s7,0,267
surrogate__zone__s8,1,273
surrogate__zone__s9,0,209
surrogate__zone__s12,0,209
surrogate__zone__s10,1,275
surrogate__zone__s11,1,263
surrogate__zone__s13,1,261
surrogate__zone__s14,0,208
surrogate__zone__s15,1,272
surrogate__zone__s17,0,262
surrogate__zone__s16,1,278
surrogate__zone__s18,1,273
surrogate__zone__s19,1,268
surrogate__zone__s21,1,252
surrogate__zone__s20,1,289
surrogate__zone__s22,1,277
surrogate__zone__s23,1,256
surrogate__zone__s24,1,256
surrogate__zone__s25,0,256
surrogate__zone__s27,0,209
surrogate__zone__s26,1,253
surrogate__zone__s28,1,250
surrogate__zone__s29,1,261
canonical__battery__s1,0,193
surrogate__zone__s30,1,257
canonical__battery__s3,0,190
canonical__battery__s2,0,198
canonical__battery__s4,0,192
canonical__battery__s5,0,192
canonical__battery__s6,0,192
canonical__battery__s7,0,191
canonical__battery__s8,0,189
canonical__battery__s9,0,190
canonical__battery__s10,0,190
canonical__battery__s11,0,192
canonical__battery__s12,0,188
canonical__battery__s13,0,201
canonical__battery__s14,0,192
canonical__battery__s15,0,189
canonical__battery__s16,0,192
canonical__battery__s17,0,191
canonical__battery__s18,0,189
canonical__battery__s19,0,193
canonical__battery__s20,0,189
canonical__battery__s21,0,198
canonical__battery__s22,0,191
canonical__battery__s23,0,192
canonical__battery__s24,0,193
canonical__battery__s25,0,192
canonical__battery__s26,0,191
canonical__battery__s27,0,192
canonical__battery__s28,0,189
canonical__battery__s29,0,197
canonical__battery__s30,0,193
surrogate__battery__s1,0,201
surrogate__battery__s2,0,202
surrogate__battery__s3,0,203
surrogate__battery__s4,0,202
surrogate__battery__s5,0,199
surrogate__battery__s6,0,205
surrogate__battery__s7,0,205
surrogate__battery__s8,0,199
surrogate__battery__s9,0,201
surrogate__battery__s10,0,198
surrogate__battery__s11,0,201
surrogate__battery__s12,0,203
surrogate__battery__s13,0,201
surrogate__battery__s14,0,200
surrogate__battery__s15,0,200
surrogate__battery__s16,0,201
surrogate__battery__s17,0,200
surrogate__battery__s18,0,200
surrogate__battery__s19,0,198
surrogate__battery__s20,0,200
surrogate__battery__s21,0,200
surrogate__battery__s22,0,198
surrogate__battery__s23,0,203
surrogate__battery__s24,0,202
surrogate__battery__s25,0,201
surrogate__battery__s26,0,203
surrogate__battery__s27,0,199
surrogate__battery__s28,0,200
surrogate__battery__s29,0,199
surrogate__battery__s30,0,197
canonical__fault__s1,0,185
canonical__fault__s2,0,204
canonical__fault__s3,0,184
canonical__fault__s4,0,185
canonical__fault__s5,0,181
canonical__fault__s7,0,185
canonical__fault__s6,0,189
canonical__fault__s8,0,180
canonical__fault__s9,0,176
canonical__fault__s10,0,179
canonical__fault__s11,0,183
canonical__fault__s12,0,175
canonical__fault__s13,0,176
canonical__fault__s15,0,176
canonical__fault__s14,0,178
canonical__fault__s16,0,180
canonical__fault__s17,0,189
canonical__fault__s18,0,181
canonical__fault__s19,0,180
canonical__fault__s20,0,178
canonical__fault__s21,0,184
canonical__fault__s23,0,180
canonical__fault__s22,0,182
canonical__fault__s24,0,182
canonical__fault__s25,0,187
canonical__fault__s26,0,179
canonical__fault__s27,0,179
canonical__fault__s29,0,179
canonical__fault__s30,0,178
canonical__fault__s28,0,216
surrogate__fault__s1,0,189
surrogate__fault__s2,0,198
surrogate__fault__s3,0,191
surrogate__fault__s4,0,192
surrogate__fault__s5,0,190
surrogate__fault__s6,0,193
surrogate__fault__s7,0,192
surrogate__fault__s9,0,185
surrogate__fault__s8,0,189
surrogate__fault__s10,0,188
surrogate__fault__s11,0,195
surrogate__fault__s12,0,187
surrogate__fault__s13,0,185
surrogate__fault__s14,0,185
surrogate__fault__s16,0,189
surrogate__fault__s15,0,194
surrogate__fault__s17,0,199
surrogate__fault__s18,0,190
surrogate__fault__s19,0,187
surrogate__fault__s20,0,186
surrogate__fault__s21,0,187
surrogate__fault__s22,0,192
surrogate__fault__s24,0,190
surrogate__fault__s23,0,191
surrogate__fault__s25,0,195
surrogate__fault__s26,0,188
surrogate__fault__s27,0,181
surrogate__fault__s29,0,184
surrogate__fault__s28,0,217
surrogate__fault__s30,0,173
